29469	1266	A	SFU Red	Simon Fraser University	SFU	http://www.sfu.ca	CAN	Y
29471	1266	A	SFU White	Simon Fraser University	SFU	http://www.sfu.ca	CAN	Y
31954	1266	A	Eager Beavers	Oregon State University	OSU	http://www.oregonstate.edu	USA	Y
32017	1266	A	Goldeneyes	University of Oregon	U of Oregon	http://www.uoregon.edu	USA	Y
32018	1266	A	Lute-1	Pacific Lutheran University	PLU	http://www.plu.edu	USA	N
32019	1266	A	Lute-2	Pacific Lutheran University	PLU	http://www.plu.edu	USA	N
32021	1266	A	Eagle Red	Eastern Washington University	EWU	http://www.ewu.edu	USA	Y
32023	1266	A	Eagle White	Eastern Washington University	EWU	http://www.ewu.edu	USA	Y
32024	1266	A	Eagle Black	Eastern Washington University	EWU	http://www.ewu.edu	USA	Y
32049	1330	A	BYUHK	Brigham Young University-Hawaii	BYU Hawaii	http://byuh.edu	USA	N
32213	1267	A	SSU C-Woves	Sonoma State University	SSU	http://www.sonoma.edu	USA	Y
32226	1330	A	Masters	Brigham Young University-Hawaii	BYU Hawaii	http://byuh.edu	USA	N
32227	1330	A	Pascal	Brigham Young University-Hawaii	BYU Hawaii	http://byuh.edu	USA	N
32239	1330	A	TeamB	University of Hawaii, Hilo	UHH	http://www.uhh.hawaii.edu	USA	N
32357	1266	A	Gadwalls	University of Oregon	U of Oregon	http://www.uoregon.edu	USA	Y
32361	1267	A	Davis B	University of California at Davis	UC Davis	http://www.ucdavis.edu/	USA	Y
32371	1267	A	SFSU Gators	San Francisco State University	SFSU	http://www.sfsu.edu	USA	Y
32574	1266	A	Pacific Boxers	Pacific University	Pacific U.	http://www.pacificu.edu	USA	N
32586	1267	A	Stanford Red	Stanford University	Stanford	http://www.stanford.edu	USA	Y
32595	1267	A	USF Green	University of San Francisco	USF	www.cs.usfca.edu	USA	Y
32655	1267	A	Stanford White	Stanford University	Stanford	http://www.stanford.edu	USA	Y
32658	1267	A	Fresno 1	California State University Fresno	CSUFresno	http://www.csufresno.edu/	USA	Y
32827	1330	A	Lava	Hawaii Pacific University	HPU	http://www.hpu.edu	USA	Y
32828	1330	A	Wave	Hawaii Pacific University	HPU	http://www.hpu.edu	USA	Y
32829	1330	A	Surf	Hawaii Pacific University	HPU	http://www.hpu.edu	USA	Y
33205	1266	A	Deep Thought	Simon Fraser University - Surrey	SFU	http://www.surrey.sfu.ca	CAN	Y
33207	1266	A	Infinite Possibilities	Simon Fraser University - Surrey	SFU	http://www.surrey.sfu.ca	CAN	Y
33303	1267	A	Programming Crew	University of Nevada	UNR	http://www.cs.unr.edu	USA	Y
33408	1266	A	Udub Gold	University of Washington	U. Washington	http://www.washington.edu/	USA	Y
33409	1266	A	Udub Purple	University of Washington	U. Washington	http://www.washington.edu/	USA	Y
33578	1266	A	Binary Bandits	Western Oregon University	WOU	http://www.wou.edu	USA	N
33687	1267	A	UNR Blue	University of Nevada	UNR	http://www.cs.unr.edu	USA	Y
29610	1267	A	DVC Red Vikings	Diablo Valley College	DVC	http://www.dvc.edu	USA	N
29611	1267	A	DVC Blue Vikings	Diablo Valley College	DVC	http://www.dvc.edu	USA	N
30241	1267	A	CyberSlugs 1	University of California Santa Cruz	UCSC	http://www.cse.ucsc.edu	USA	Y
30242	1267	A	CyberSlugs 2	University of California Santa Cruz	UCSC	http://www.cse.ucsc.edu	USA	Y
30723	1330	A	TeamA	University of Hawaii, Hilo	UHH	http://www.uhh.hawaii.edu	USA	N
31079	1266	A	hsujacks	Humboldt State University	HSU	http://www.humboldt.edu/	USA	N
31080	1266	A	Les Joueurs	Humboldt State University	HSU	http://www.humboldt.edu/	USA	N
31185	1266	A	TWU Gold	Trinity Western University	Trinity Western	http://www.twu.ca	CAN	N
31186	1266	A	TWU Blue	Trinity Western University	Trinity Western	http://www.twu.ca	CAN	N
31312	1266	A	UBC 0	University of British Columbia	U British Columbia	http://www.ubc.ca	CAN	Y
31314	1266	A	UBC 1	University of British Columbia	U British Columbia	http://www.ubc.ca	CAN	Y
31315	1266	A	UBC X	University of British Columbia	U British Columbia	http://www.ubc.ca	CAN	Y
31378	1266	A	UP Chobits	University of Portland	UofP	http://www.up.edu	USA	N
31379	1266	A	Pilot Purple	University of Portland	UofP	http://www.up.edu	USA	N
31380	1266	A	Null Pointers	University of Portland	UofP	http://www.up.edu	USA	N
31530	1266	A	sleep(0);	British Columbia Institute of Technology	BCIT	http://www.bcit.ca	CAN	Y
31531	1266	A	while(1);	British Columbia Institute of Technology	BCIT	http://www.bcit.ca	CAN	Y
31534	1266	A	Wolf Pack	Western Oregon University	WOU	http://www.wou.edu	USA	N
31536	1266	A	George Fox Gold	George Fox University	George Fox	http://www.georgefox.edu	USA	N
31537	1266	A	George Fox Blue	George Fox University	George Fox	http://www.georgefox.edu	USA	N
31539	1266	A	George Fox White	George Fox University	George Fox	http://www.georgefox.edu	USA	N
31540	1267	A	Chico team 01	California State University, Chico	CSU Chico	http://www.csuchico.edu	USA	Y
31541	1267	A	Team 2	California State University, Chico	CSU Chico	http://www.csuchico.edu	USA	Y
31542	1267	A	Team 0	California State University, Chico	CSU Chico	http://www.csuchico.edu	USA	Y
31547	1266	A	DigiPen Red	DigiPen Institute of Technology	DigiPen	http://www.digipen.edu	USA	Y
31548	1266	A	DigiPen Grey	DigiPen Institute of Technology	DigiPen	http://www.digipen.edu	USA	Y
31549	1266	A	DigiPen Blue	DigiPen Institute of Technology	DigiPen	http://www.digipen.edu	USA	Y
31551	1266	A	PSU Viking1	Portland State University	PSU	http://www.pdx.edu	USA	Y
31560	1267	A	Berkeley Blue	University of California at Berkeley	UC Berkeley	http://www.berkeley.edu	USA	Y
31562	1266	A	Whitworth O( n! )	Whitworth College	Whitworth	http://www.whitworth.edu	USA	N
31563	1266	A	Whitworth O( lg(n) )	Whitworth College	Whitworth	http://www.whitworth.edu	USA	N
31564	1266	A	Whitworth O(n)	Whitworth College	Whitworth	http://www.whitworth.edu	USA	N
31567	1267	A	Berkeley Gold	University of California at Berkeley	UC Berkeley	http://www.berkeley.edu	USA	Y
31568	1267	A	Berkeley Radicals	University of California at Berkeley	UC Berkeley	http://www.berkeley.edu	USA	Y
31569	1267	A	Pacific CTRL	University of the Pacific	Pacific	http://www.pacific.edu	USA	N
31574	1266	A	Gonzaga Bulldogs	Gonzaga University	Gonzaga U.	http://www.gonzaga.edu	USA	N
31613	1267	A	Hornet 1	California State University - Sacramento	CSU, Sacramento	http://www.csus.edu	USA	Y
31614	1267	A	Hornet 2	California State University - Sacramento	CSU, Sacramento	http://www.csus.edu	USA	Y
31615	1267	A	Hornet 3	California State University - Sacramento	CSU, Sacramento	http://www.csus.edu	USA	Y
31624	1266	A	Widgeons	University of Oregon	U of Oregon	http://www.uoregon.edu	USA	Y
31702	1267	A	Pacific ALT	University of the Pacific	Pacific	http://www.pacific.edu	USA	N
31710	1267	A	Pacific DEL	University of the Pacific	Pacific	http://www.pacific.edu	USA	N
31824	1267	A	Davis A	University of California at Davis	UC Davis	http://www.ucdavis.edu/	USA	Y
31825	1267	A	 CWC	University of California at Davis	UC Davis	http://www.ucdavis.edu/	USA	Y
31864	1266	A	Sed Zeppelin	Western Washington University	WWU	http://www.wwu.edu/	USA	Y
31865	1266	A	S. S. Botany Bay	Western Washington University	WWU	http://www.wwu.edu/	USA	Y
31952	1266	A	Easy Beavers	Oregon State University	OSU	http://www.oregonstate.edu	USA	Y
31953	1266	A	Busy Beavers	Oregon State University	OSU	http://www.oregonstate.edu	USA	Y
