1	22804	972	A	WWU 1	Western Washington University	WWU	http://www.wwu.edu/	USA	Y
2	22863	972	A	Wigeons	University of Oregon	UO	http://www.uoregon.edu	USA	Y
3	21904	972	A	Eagle 2	Eastern Washington University	EWU	http://www.ewu.edu	USA	Y
4	22292	972	A	Washington Purple	University of Washington	U of Wash	http://www.cs.washington.edu/	USA	Y
5	23130	972	A	Blue	George Fox University	George Fox	http://www.georgefox.edu	USA	N
6	21905	972	A	Eagle 3	Eastern Washington University	EWU	http://www.ewu.edu	USA	Y
7	22897	972	A	Pumping Lemma	Oregon State University	OSU	www.orst.edu	USA	Y
8	21253	972	A	XeNo's Paradox	British Columbia Institute of Technology	BCIT	http://www.bcit.ca	CAN	Y
9	23132	972	A	White	George Fox University	George Fox	http://www.georgefox.edu	USA	N
10	23142	972	A	Twisted Group	DigiPen Institute of Technology	DigiPen	http://www.digipen.edu	USA	N
11	23441	972	A	The Wolf Pack	Western Oregon University	Western Oregon	http://www.wou.edu	USA	N
12	21061	972	A	UP Yours	University of Portland	UP	http://www.up.edu	USA	N
13	20447	972	A	SFU Blue	Simon Fraser University	SFU	http://www.sfu.ca	CAN	Y
14	21992	972	A	TWU B	Trinity Western University	Trinity Western	http://www.twu.ca	CAN	N
15	22294	972	A	Washington Emerald	University of Washington	U of Wash	http://www.cs.washington.edu/	USA	Y
16	21577	972	A	UBC 1	University of British Columbia	UBC	http://www.cs.ubc.ca/	CAN	Y
17	22789	972	A	Mergansers	University of Oregon	UO	http://www.uoregon.edu	USA	Y
18	22961	972	A	WWU 2	Western Washington University	WWU	http://www.wwu.edu/	USA	Y
19	23141	972	A	Monster Group	DigiPen Institute of Technology	DigiPen	http://www.digipen.edu	USA	N
20	21503	972	A	Pioneers	Lewis & Clark College	Lewis & Clark	http://www.lclark.edu/~sciences	USA	N
21	21903	972	A	Eagle 1	Eastern Washington University	EWU	http://www.ewu.edu	USA	Y
22	22565	972	A	UBC 10	University of British Columbia	UBC	http://www.cs.ubc.ca/	CAN	Y
23	21252	972	A	Synchronize(this)	British Columbia Institute of Technology	BCIT	http://www.bcit.ca	CAN	Y
24	21059	972	A	UP White	University of Portland	UP	http://www.up.edu	USA	N
25	22790	972	A	Buffleheads	University of Oregon	UO	http://www.uoregon.edu	USA	Y
26	22803	972	A	WWU 3	Western Washington University	WWU	http://www.wwu.edu/	USA	Y
27	21991	972	A	TWU A	Trinity Western University	Trinity Western	http://www.twu.ca	CAN	N
28	23131	972	A	Gold	George Fox University	George Fox	http://www.georgefox.edu	USA	N
29	21060	972	A	UP Purple	University of Portland	UP	http://www.up.edu	USA	N
30	21576	972	A	UBC 0	University of British Columbia	UBC	http://www.cs.ubc.ca/	CAN	Y
31	22104	972	A	LUTE0	Pacific Lutheran University	PLU	www.plu.edu	USA	N
32	22982	972	A	Whitwork Pirates	Whitworth College	Whitworth	http://www.whitworth.edu	USA	N
33	22983	972	A	Pios	Lewis & Clark College	Lewis & Clark	http://www.lclark.edu/~sciences	USA	N
34	21251	972	A	The Null Terminators	British Columbia Institute of Technology	BCIT	http://www.bcit.ca	CAN	Y
35	22898	972	A	Busy Beavers	Oregon State University	OSU	www.orst.edu	USA	Y
36	22293	972	A	Washington Gold	University of Washington	U of Wash	http://www.cs.washington.edu/	USA	Y
37	23446	972	A	The Grey Wolves	Western Oregon University	Western Oregon	http://www.wou.edu	USA	N
38	20448	972	A	SFU Red	Simon Fraser University	SFU	http://www.sfu.ca	CAN	Y
39	22105	972	A	LUTE1	Pacific Lutheran University	PLU	www.plu.edu	USA	N
40	23200	972	A	Gonzaga: Go-Zags!	Gonzaga University	Gonzaga U.	http://www.gonzaga.edu	USA	N
41	23822	972	A	UAF Team 1	"University of Alaska, Fairbanks"	UAF	http://www.uaf.edu	USA	Y
42	23198	972	A	Gonzaga Bulldogs	Gonzaga University	Gonzaga U.	http://www.gonzaga.edu	USA	N
43	22890	972	A	Tail Recursion	Oregon State University	OSU	www.orst.edu	USA	Y
	23185	973	A	Wildcats 3	"California State University, Chico"	"CSU, Chico"	http://www.csuchico.edu	USA	Y
	23287	973	A	CyberSlugs II	"University of California, Santa Cruz"	UCSC	http://www.ucsc.edu	USA	Y
	22868	973	A	CCSF	City College of San Francisco	CCSF	http://www.ccsf.edu	USA	N
	23181	973	A	Wildcats 2	"California State University, Chico"	"CSU, Chico"	http://www.csuchico.edu	USA	Y
	21618	973	A	USF Green	University of San Francisco	USF	http:/www.cs.usfca.edu	USA	Y
	20834	973	A	DVC Blue Vikings	Diablo Valley College	DVC	http://www.dvc.edu	USA	N
	22504	973	A	Pacific Release 1.3.1	University of the Pacific	UOP	http://www.uop.edu	USA	N
	23768	973	A	SFSU Gators	San Francisco State University	SFSU	http://www.sfsu.edu	USA	Y
	21745	973	A	HSU 2.0	Humboldt State University	HSU	http://www.humboldt.edu/	USA	N
	23105	973	A	Berkeley Radicals	University of California at Berkeley	UC Berkeley	http://www.berkeley.edu	USA	Y
	21527	973	P	Clear Solutions	Diablo Valley College	DVC	http//www.dvc.edu	USA	Y
	21742	973	A	HSU 1	Humboldt State University	HSU	http://www.humboldt.edu/	USA	N
	23184	973	A	CSUS #3	"California State University, Sacramento"	Sac State	http://www.csus.edu	USA	Y
	21573	973	A	UNR Silver	"University of Nevada, Reno"	UNR	http://www.cs.unr.edu	USA	Y
	21579	973	A	Berkeley Gold	University of California at Berkeley	UC Berkeley	http://www.berkeley.edu	USA	Y
	24057	973	A	SSU 1	Sonoma State University	Sonoma State	http://www.sonoma.edu	USA	Y
	23136	973	A	Stanford Cardinal	Stanford University	Stanford	http://www.stanford.edu	USA	Y
	21575	973	A	UNR White	"University of Nevada, Reno"	UNR	http://www.cs.unr.edu	USA	Y
	22485	973	A	USF3	University of San Francisco	USF	http:/www.cs.usfca.edu	USA	Y
	23183	973	A	CSUS #2	"California State University, Sacramento"	Sac State	http://www.csus.edu	USA	Y
	22896	973	A	Pacific $HOME/team_name	University of the Pacific	UOP	http://www.uop.edu	USA	N
	21578	973	A	Berkeley Blue	University of California at Berkeley	UC Berkeley	http://www.berkeley.edu	USA	Y
	20833	973	A	DVC Green Vikings	Diablo Valley College	DVC	http://www.dvc.edu	USA	N
	23182	973	A	CSUS #1	"California State University, Sacramento"	Sac State	http://www.csus.edu	USA	Y
	23201	973	A	Davis Leftover	University of CA at Davis	UC Davis	http://www.ucdavis.edu/	USA	Y
	21574	973	A	UNR Blue	"University of Nevada, Reno"	UNR	http://www.cs.unr.edu	USA	Y
	21619	973	A	USF Gold	University of San Francisco	USF	http:/www.cs.usfca.edu	USA	Y
	23180	973	A	Wildcats 1	"California State University, Chico"	"CSU, Chico"	http://www.csuchico.edu	USA	Y
	21149	973	A	Stanford White	Stanford University	Stanford	http://www.stanford.edu	USA	Y
	20832	973	A	DVC Red Vikings	Diablo Valley College	DVC	http://www.dvc.edu	USA	N
	21148	973	A	Stanford Red	Stanford University	Stanford	http://www.stanford.edu	USA	Y
	22895	973	A	Pacific Vim	University of the Pacific	UOP	http://www.uop.edu	USA	N
	22627	973	A	Davis Beta	University of CA at Davis	UC Davis	http://www.ucdavis.edu/	USA	Y
	23284	973	A	CyberSlugs I	"University of California, Santa Cruz"	UCSC	http://www.ucsc.edu	USA	Y
	21746	973	A	HSU 3	Humboldt State University	HSU	http://www.humboldt.edu/	USA	N
